instance (id),count
0,542
1,28
2,221
3,293
4,164
5,101
6,265
7,494
8,248
9,1
10,245
11,53
12,128
13,1
14,1
15,382
16,1
17,1
18,367
19,105
20,1
21,313
22,79
23,273
24,1
25,181
26,1
27,126
28,282
29,346
30,140
31,86
32,422
33,183
34,91
35,200
36,1
37,260
38,181
39,172
40,198
41,287
42,362
43,223
44,280
45,142
46,37
47,371
48,163
49,340
50,270
51,253
52,208
53,1
54,133
55,301
56,208
57,156
58,165
59,67
60,187
61,291
62,530
63,303
64,524
65,598
66,201
67,158
68,369
69,222
70,217
71,95
72,344
73,402
74,277
75,440
76,65
77,247
78,271
79,198
80,205
81,357
82,107
83,10
84,198
85,300
86,218
87,227
88,309
89,380
90,231
91,323
92,5
93,148
94,202
95,297
96,1
97,202
98,230
99,307
100,250
101,200
102,36
103,25
104,357
105,111
106,392
107,438
108,95
109,227
110,85
111,102
112,111
113,317
114,1
115,32
116,284
117,17
118,280
119,108
120,392
121,1
122,415
123,186
124,1
125,97
126,1
127,15
128,248
129,468
130,1
131,414
132,3
133,225
134,179
135,1
136,203
137,223
138,71
139,106
140,257
141,226
142,240
143,350
144,295
145,240
146,407
147,343
148,543
149,209
150,194
151,217
152,199
153,272
154,465
155,325
156,535
157,1
158,264
159,116
160,213
161,210
162,362
163,137
164,57
165,178
166,176
167,248
168,197
169,429
170,60
171,104
172,60
173,286
174,208
175,130
176,477
177,225
178,105
179,17
180,1
181,231
182,429
183,1
184,200
185,1
186,331
187,1
188,13
189,243
190,216
191,66
192,377
193,277
194,304
195,65
196,288
197,64
198,120
199,1
200,280
201,82
202,480
203,273
204,167
205,122
206,360
207,264
208,1
209,117
210,494
211,105
212,87
213,63
214,240
215,256
216,428
217,1
218,228
219,130
220,392
221,150
222,442
223,253
224,459
225,212
226,479
227,1
228,377
229,279
230,335
231,206
232,253
233,15
234,117
235,120
236,1
237,317
238,37
239,1
240,141
241,254
242,142
243,10
244,1
245,40
246,29
247,166
248,306
249,95
250,154
251,1
252,1
253,193
254,245
255,109
256,87
257,1
258,90
259,1
260,222
261,150
262,112
263,350
264,279
265,133
266,34
267,295
268,34
269,111
270,205
271,245
272,281
273,311
274,216
275,323
276,247
277,94
278,114
279,134
280,288
281,121
282,329
283,78
284,366
285,25
286,443
287,372
288,15
289,7
290,11
291,71
292,389
293,112
294,11
295,119
296,565
297,597
298,1
299,308
300,312
301,548
302,320
303,154
304,82
305,303
306,498
307,176
308,365
309,533
310,1
311,1
312,209
313,68
314,321
315,61
316,219
317,72
318,520
319,1
320,241
321,184
322,331
323,138
324,105
325,282
326,37
327,145
328,220
329,42
330,254
331,444
332,1
333,122
334,353
335,44
336,140
337,1
338,311
339,275
340,147
341,197
342,166
343,22
344,367
345,123
346,360
347,234
348,269
349,107
350,91
351,420
352,523
353,1
354,332
355,304
356,254
357,355
358,9
359,214
360,247
361,187
362,89
363,212
364,393
365,420
366,236
367,356
368,511
369,212
370,266
371,287
372,384
373,233
374,11
375,109
376,1
377,1
378,62
379,16
380,317
381,82
382,154
383,404
384,218
385,1
386,338
387,17
388,83
389,224
390,385
391,1
392,165
393,130
394,31
395,355
396,132
397,75
398,15
399,370
400,256
401,97
402,137
403,549
404,91
405,137
406,444
407,228
408,4
409,257
410,436
411,205
412,52
413,66
414,165
415,161
416,203
417,330
418,1
419,251
420,201
421,280
422,242
423,243
424,326
425,228
426,461
427,340
428,193
429,558
430,380
431,24
432,6
433,287
434,190
435,223
436,1
437,90
438,275
439,344
440,338
441,1
442,189
443,382
444,135
445,251
446,170
447,145
448,88
449,337
450,450
451,287
452,106
453,481
454,97
455,1
456,71
457,193
458,1
459,61
460,305
461,406
462,1
463,297
464,94
465,76
466,263
467,1
468,291
469,137
470,118
471,67
472,344
473,6
474,186
475,107
476,297
477,185
478,34
479,313
480,138
481,1
482,49
483,57
484,47
485,161
486,204
487,93
488,199
489,138
490,304
491,147
492,209
493,80
494,379
495,201
496,103
497,1
498,344
499,96
500,329
501,119
502,129
503,132
504,180
505,195
506,219
507,270
508,26
509,281
510,282
511,471
512,306
513,77
514,98
515,443
516,65
517,438
518,182
519,143
520,127
521,353
522,95
523,27
524,379
525,248
526,95
527,54
528,22
529,245
530,258
531,277
532,197
533,27
534,473
535,172
536,126
537,276
538,173
539,418
540,80
541,208
542,96
543,462
544,163
545,138
546,238
547,161
548,266
549,141
550,1
551,141
552,94
553,257
554,1
555,203
556,301
557,220
558,186
559,274
560,199
561,93
562,154
563,473
564,239
565,201
566,342
567,266
568,267
569,1
570,363
571,31
572,229
573,1
574,459
575,1
576,357
577,72
578,350
579,450
580,248
581,126
582,285
583,88
584,385
585,104
586,1
587,160
588,153
589,265
590,314
591,363
592,124
593,1
594,1
595,16
596,287
597,326
598,1
599,173
600,358
601,292
602,1
603,0
604,123
605,77
606,220
607,435
608,89
609,1
610,79
611,180
612,30
613,281
614,160
615,253
616,79
617,346
618,239
619,309
620,253
621,350
622,143
623,287
624,191
625,242
626,71
627,371
628,153
629,146
630,231
631,295
632,232
633,234
634,122
635,72
636,316
637,121
638,208
639,478
640,165
641,265
642,96
643,507
644,158
645,108
646,188
647,187
648,269
649,212
650,210
651,244
652,179
653,222
654,1
655,110
656,243
657,35
658,310
659,13
660,364
661,363
662,214
663,145
664,295
665,118
666,11
667,93
668,139
669,238
670,148
671,8
672,1
673,311
674,136
675,102
676,404
677,106
678,312
679,6
680,58
681,217
682,384
683,124
684,261
685,359
686,321
687,174
688,162
689,93
690,310
691,240
692,225
693,137
694,188
695,435
696,326
697,139
698,258
699,166
700,3
701,337
702,290
703,179
704,100
705,1
706,1
707,561
708,1
709,280
710,1
711,438
712,68
713,273
714,219
715,218
716,227
717,414
718,168
719,30
720,1
721,283
722,276
723,195
724,190
725,239
726,361
727,244
728,18
729,332
730,59
731,1
732,619
733,306
734,235
735,1
736,410
737,326
738,225
739,166
740,238
741,324
742,139
743,1
744,169
745,235
746,86
747,118
748,112
749,39
750,302
751,1
752,181
753,242
754,1
755,173
756,56
757,163
758,273
759,275
760,272
761,176
762,147
763,48
764,172
765,234
766,36
767,164
768,105
769,167
770,327
771,312
772,306
773,1
774,1
775,249
776,71
777,37
778,98
779,154
780,301
781,81
782,469
783,77
784,222
785,369
786,253
787,121
788,435
789,129
790,331
791,217
792,222
793,201
794,481
795,51
796,136
797,20
798,152
799,72
800,1
801,169
802,167
803,11
804,22
805,91
806,457
807,206
808,64
809,354
810,309
811,51
812,245
813,1
814,314
815,323
816,185
817,453
818,174
819,324
820,417
821,297
822,532
823,19
824,15
825,243
826,283
827,1
828,277
829,103
830,38
831,176
832,369
833,154
834,279
835,310
836,274
837,423
838,25
839,185
840,179
841,297
842,237
843,176
844,265
845,320
846,346
847,238
848,220
849,426
850,555
851,223
852,433
853,310
854,176
855,482
856,127
857,371
858,39
859,151
860,379
861,63
862,133
863,117
864,1
865,320
866,49
867,282
868,98
869,298
870,165
871,51
872,1
873,297
874,393
875,1
876,40
877,108
878,264
879,266
880,520
881,34
882,313
883,329
884,358
885,400
886,336
887,335
888,296
889,178
890,146
891,8
892,1
893,138
894,194
895,407
896,82
897,1
898,349
899,311
900,75
901,389
902,57
903,213
904,423
905,330
906,251
907,271
908,346
909,351
910,288
911,284
912,471
913,187
914,312
915,40
916,230
917,184
918,344
919,246
920,1
921,51
922,232
923,364
924,327
925,238
926,165
927,98
928,212
929,200
930,196
931,41
932,453
933,89
934,96
935,233
936,236
937,382
938,89
939,115
940,225
941,311
942,145
943,117
944,10
945,395
946,157
947,360
948,1
949,32
950,1
951,310
952,190
953,119
954,1
955,385
956,365
957,1
958,582
959,146
960,30
961,335
962,133
963,459
964,6
965,16
966,204
967,439
968,2
969,307
970,140
971,157
972,279
973,348
974,1
975,255
976,1
977,455
978,7
979,493
980,202
981,280
982,76
983,102
984,363
985,289
986,351
987,493
988,343
989,167
990,223
991,247
992,162
993,458
994,1
995,1
996,1
997,112
998,258
999,161
1000,123
1001,1
1002,217
1003,167
1004,348
1005,395
1006,412
1007,85
1008,76
1009,124
1010,249
1011,518
1012,53
1013,19
1014,132
1015,169
1016,263
1017,240
1018,191
1019,160
1020,212
1021,291
1022,62
1023,411
1024,70
1025,248
1026,1
1027,144
1028,19
1029,234
1030,486
1031,214
1032,303
1033,98
1034,78
1035,336
1036,223
1037,1
1038,86
1039,215
1040,81
1041,15
1042,602
1043,347
1044,64
1045,21
1046,298
1047,60
1048,277
1049,114
1050,17
1051,250
1052,183
1053,294
1054,151
1055,172
1056,362
1057,96
1058,1
1059,286
1060,1
1061,96
1062,219
1063,377
1064,123
1065,15
1066,51
1067,334
1068,92
1069,523
1070,1
1071,28
1072,439
1073,123
1074,253
1075,228
1076,343
1077,447
1078,262
1079,46
1080,251
1081,177
1082,0
1083,277
1084,1
1085,210
1086,386
1087,202
1088,1
1089,249
1090,1
1091,18
1092,22
1093,266
1094,1
1095,74
1096,162
1097,126
1098,342
1099,129
1100,324
1101,488
1102,47
1103,23
1104,42
1105,240
1106,92
1107,215
1108,211
1109,458
1110,124
1111,211
1112,22
1113,113
1114,67
1115,441
1116,181
1117,351
1118,1
1119,1
1120,519
1121,277
1122,136
1123,275
1124,62
1125,131
1126,192
1127,1
1128,219
1129,131
1130,313
1131,126
1132,92
1133,6
1134,104
1135,1
1136,373
1137,198
1138,50
1139,16
1140,321
1141,4
1142,4
1143,67
1144,275
1145,59
1146,169
1147,258
1148,122
1149,196
1150,226
1151,159
1152,1
1153,40
1154,245
1155,80
1156,181
1157,67
1158,116
1159,51
1160,210
1161,184
1162,199
1163,203
1164,191
1165,450
1166,1
1167,209
1168,23
1169,136
1170,49
1171,14
1172,459
1173,38
1174,382
1175,280
1176,247
1177,212
1178,61
1179,92
1180,66
1181,231
1182,120
1183,91
1184,163
1185,153
1186,23
1187,112
1188,289
1189,1
1190,310
1191,175
1192,178
1193,15
1194,338
1195,57
1196,102
1197,88
1198,210
1199,284
1200,102
1201,29
1202,70
1203,1
1204,1
1205,107
1206,430
1207,262
1208,315
1209,286
1210,25
1211,85
1212,100
1213,245
1214,155
1215,405
1216,373
1217,116
1218,296
1219,302
1220,333
1221,125
1222,46
1223,134
1224,311
1225,398
1226,0
1227,244
1228,113
1229,1
1230,1
1231,314
1232,319
1233,220
1234,556
1235,153
1236,255
1237,257
1238,574
1239,370
1240,1
1241,155
1242,275
1243,235
1244,157
1245,92
1246,210
1247,198
1248,52
1249,1
1250,373
1251,176
1252,325
1253,78
1254,421
1255,105
1256,106
1257,235
1258,166
1259,302
1260,172
1261,541
1262,530
1263,257
1264,160
1265,48
1266,343
1267,307
1268,149
1269,103
1270,257
1271,227
1272,109
1273,277
1274,96
1275,334
1276,1
1277,114
1278,1
1279,341
1280,456
1281,57
1282,1
1283,187
1284,1
1285,184
1286,1
1287,317
1288,143
1289,142
1290,230
1291,92
1292,325
1293,111
1294,93
1295,138
1296,464
1297,10
1298,241
1299,126
1300,86
1301,273
1302,1
1303,15
1304,299
1305,307
1306,234
1307,13
1308,338
1309,194
1310,211
1311,220
1312,124
1313,178
1314,1
1315,549
1316,132
1317,295
1318,241
1319,356
1320,286
1321,178
1322,442
1323,237
1324,270
1325,49
1326,92
1327,11
1328,387
1329,40
1330,1
1331,180
1332,429
1333,458
1334,91
1335,231
1336,106
1337,520
1338,28
1339,403
1340,250
1341,242
1342,376
1343,73
1344,314
1345,370
1346,225
1347,281
1348,209
1349,330
1350,224
1351,330
1352,358
1353,379
1354,169
1355,442
1356,407
1357,299
1358,70
1359,461
1360,98
1361,227
1362,556
1363,228
1364,282
1365,196
1366,226
1367,29
1368,157
1369,33
1370,204
1371,239
1372,170
1373,276
1374,457
1375,34
1376,18
1377,303
1378,29
1379,64
1380,325
1381,193
1382,316
1383,300
1384,250
1385,347
1386,243
1387,1
1388,216
1389,91
1390,196
1391,272
1392,92
1393,450
1394,87
1395,202
1396,241
1397,261
1398,265
1399,222
1400,227
1401,263
1402,32
1403,14
1404,61
1405,1
1406,1
1407,21
1408,412
1409,3
1410,399
1411,264
1412,1
1413,269
1414,230
1415,71
1416,139
1417,177
1418,105
1419,108
1420,435
1421,1
1422,346
1423,337
1424,107
1425,1
1426,17
1427,137
1428,323
1429,333
1430,267
1431,381
1432,370
1433,1
1434,91
1435,1
1436,97
1437,334
1438,315
1439,1
1440,1
1441,1
1442,409
1443,45
1444,97
1445,349
1446,302
1447,324
1448,103
1449,342
1450,1
1451,341
1452,1
1453,177
1454,91
1455,207
1456,118
1457,319
1458,235
1459,50
1460,63
1461,117
1462,1
1463,37
1464,160
1465,259
1466,351
1467,371
1468,11
1469,265
1470,57
1471,178
1472,48
1473,109
1474,108
1475,193
1476,473
1477,392
1478,133
1479,243
1480,379
1481,114
1482,355
1483,170
1484,373
1485,110
1486,1
1487,86
1488,351
1489,281
1490,46
1491,1
1492,151
1493,1
1494,15
1495,216
1496,84
1497,332
1498,315
1499,136
1500,396
1501,1
1502,300
1503,203
1504,18
1505,1
1506,161
1507,27
1508,129
1509,1
1510,106
1511,1
1512,119
1513,1
1514,138
1515,436
1516,370
1517,376
1518,287
1519,577
1520,1
1521,476
1522,111
1523,272
1524,52
1525,174
1526,287
1527,1
1528,439
1529,1
1530,323
1531,77
1532,1
1533,238
1534,1
1535,155
1536,68
1537,18
1538,162
1539,345
1540,264
1541,104
1542,88
1543,46
1544,267
1545,194
1546,414
1547,191
1548,226
1549,53
1550,170
1551,141
1552,107
1553,188
1554,156
1555,311
1556,230
1557,235
1558,203
1559,143
1560,9
1561,1
1562,246
1563,268
1564,142
1565,163
1566,333
1567,327
1568,465
1569,252
1570,15
1571,271
1572,165
1573,18
1574,257
1575,279
1576,160
1577,254
1578,490
1579,173
1580,1
1581,528
1582,375
1583,261
1584,305
1585,195
1586,82
1587,224
1588,216
1589,142
1590,75
1591,462
1592,295
1593,164
1594,243
1595,299
1596,114
1597,261
1598,152
1599,499
1600,206
1601,189
1602,336
1603,40
1604,25
1605,271
1606,356
1607,30
1608,533
1609,276
1610,407
1611,245
1612,32
1613,261
1614,38
1615,12
1616,257
1617,72
1618,1
1619,7
1620,1
1621,194
1622,275
1623,451
1624,395
1625,1
1626,215
1627,140
1628,284
1629,358
1630,311
1631,179
1632,143
1633,140
1634,170
1635,152
1636,321
1637,301
1638,212
1639,40
1640,236
1641,416
1642,113
1643,263
1644,345
1645,337
1646,231
1647,22
1648,1
1649,292
1650,140
1651,313
1652,45
1653,596
1654,166
1655,57
1656,104
1657,126
1658,397
1659,1
1660,77
1661,197
1662,274
1663,1
1664,128
1665,1
1666,97
1667,1
1668,75
1669,456
1670,107
1671,156
1672,161
1673,40
1674,423
1675,42
1676,352
1677,445
1678,67
1679,481
1680,238
1681,1
1682,430
1683,62
1684,97
1685,181
1686,311
1687,26
1688,17
1689,70
1690,97
1691,229
1692,56
1693,63
1694,240
1695,14
1696,162
1697,71
1698,1
1699,345
1700,169
1701,292
1702,247
1703,233
1704,60
1705,259
1706,443
1707,31
1708,1
1709,322
1710,1
1711,221
1712,258
1713,194
1714,247
1715,27
1716,286
1717,328
1718,301
1719,9
1720,1
1721,1
1722,245
1723,210
1724,276
1725,159
1726,39
1727,286
1728,44
1729,209
1730,187
1731,479
1732,225
1733,123
1734,103
1735,291
1736,51
1737,1
1738,446
1739,265
1740,256
1741,1
1742,89
1743,195
1744,318
1745,175
1746,108
1747,169
1748,337
1749,192
1750,21
1751,55
1752,201
1753,1
1754,362
1755,342
1756,37
1757,239
1758,127
1759,187
1760,169
1761,1
1762,374
1763,284
1764,31
1765,531
1766,532
1767,1
1768,8
1769,286
1770,101
1771,16
1772,318
1773,16
1774,467
1775,1
1776,182
1777,238
1778,70
1779,1
1780,391
1781,242
1782,54
1783,409
1784,282
1785,34
1786,389
1787,161
1788,89
1789,227
1790,137
1791,210
1792,118
1793,279
1794,93
1795,356
1796,284
1797,275
1798,292
1799,244
1800,163
1801,96
1802,76
1803,27
1804,120
1805,172
1806,314
1807,292
1808,64
1809,282
1810,49
1811,397
1812,232
1813,54
1814,180
1815,53
1816,339
1817,174
1818,245
1819,214
1820,122
1821,286
1822,214
1823,55
1824,119
1825,28
1826,304
1827,282
1828,324
1829,321
1830,1
1831,1
1832,56
1833,171
1834,153
1835,1
1836,270
1837,188
1838,235
1839,172
1840,67
1841,445
1842,215
1843,269
1844,305
1845,4
1846,143
1847,1
1848,555
1849,1
1850,1
1851,296
1852,172
1853,323
1854,365
1855,506
1856,120
1857,540
1858,143
1859,81
1860,379
1861,1
1862,310
1863,154
1864,123
1865,110
1866,382
1867,114
1868,26
1869,237
1870,400
1871,279
1872,313
1873,96
1874,399
1875,182
1876,274
1877,298
1878,341
1879,298
1880,24
1881,311
1882,156
1883,148
1884,13
1885,1
1886,98
1887,262
1888,132
1889,376
1890,215
1891,1
1892,89
1893,34
1894,143
1895,43
1896,132
1897,35
1898,128
1899,431
1900,285
1901,50
1902,185
1903,354
1904,182
1905,450
1906,243
1907,440
1908,145
1909,89
1910,263
1911,269
1912,132
1913,171
1914,260
1915,1
1916,121
1917,261
1918,1
1919,231
1920,141
1921,1
1922,364
1923,371
1924,74
1925,148
1926,1
1927,405
1928,559
1929,210
1930,112
1931,434
1932,29
1933,17
1934,410
1935,341
1936,430
1937,440
1938,398
1939,26
1940,1
1941,294
1942,180
1943,116
1944,30
1945,1
1946,141
1947,224
1948,375
1949,173
1950,68
1951,1
1952,139
1953,182
1954,108
1955,288
1956,106
1957,1
1958,377
1959,1
1960,92
1961,233
1962,362
1963,478
1964,198
1965,213
1966,157
1967,411
1968,244
1969,18
1970,100
1971,16
1972,1
1973,247
1974,352
1975,301
1976,332
1977,409
1978,263
1979,420
1980,264
1981,6
1982,196
1983,1
1984,185
1985,193
1986,83
1987,144
1988,343
1989,77
1990,1
1991,37
1992,234
1993,546
1994,103
1995,7
1996,48
1997,195
1998,331
1999,127
2000,140
2001,100
2002,47
2003,81
2004,15
2005,113
2006,145
2007,177
2008,362
2009,212
2010,345
2011,1
2012,279
2013,276
2014,404
2015,91
2016,45
2017,61
2018,423
2019,1
2020,115
2021,288
2022,298
2023,377
2024,3
2025,275
2026,151
2027,36
2028,152
2029,478
2030,124
2031,269
2032,144
2033,331
2034,159
2035,162
2036,1
2037,255
2038,36
2039,218
2040,318
2041,76
2042,340
2043,327
2044,169
2045,26
2046,281
2047,1
2048,456
2049,528
2050,391
2051,114
2052,1
2053,176
2054,158
2055,1
2056,239
2057,1
2058,353
2059,22
2060,154
2061,74
2062,22
2063,87
2064,201
2065,311
2066,281
2067,41
2068,1
2069,107
2070,361
2071,59
2072,394
2073,1
2074,364
2075,251
2076,291
2077,211
2078,298
2079,152
2080,360
2081,304
2082,440
2083,94
2084,163
2085,470
2086,234
2087,17
2088,117
2089,1
2090,102
2091,68
2092,12
2093,364
2094,430
2095,375
2096,1
2097,376
2098,57
2099,484
2100,1
2101,365
2102,1
2103,142
2104,305
2105,286
2106,114
2107,107
2108,420
2109,276
2110,320
2111,29
2112,109
2113,1
2114,25
2115,585
2116,117
2117,103
2118,285
2119,21
2120,107
2121,92
2122,255
2123,1
2124,227
2125,231
2126,359
2127,168
2128,121
2129,10
2130,82
2131,67
2132,190
2133,0
2134,98
2135,294
2136,170
2137,163
2138,425
2139,301
2140,232
2141,141
2142,321
2143,450
2144,32
2145,49
2146,211
2147,175
2148,257
2149,114
2150,195
2151,59
2152,570
2153,346
2154,243
2155,273
2156,233
2157,137
2158,248
2159,83
2160,289
2161,205
2162,517
2163,1
2164,13
2165,304
2166,332
2167,351
2168,462
2169,170
2170,282
2171,229
2172,459
2173,73
2174,230
2175,78
2176,315
2177,266
2178,250
2179,476
2180,1
2181,303
2182,1
2183,499
2184,174
2185,251
2186,59
2187,136
2188,280
2189,578
2190,70
2191,1
2192,355
2193,100
2194,107
2195,266
2196,362
2197,110
2198,421
2199,440
2200,245
2201,170
2202,161
2203,70
2204,296
2205,197
2206,69
2207,273
2208,24
2209,259
2210,189
2211,37
2212,277
2213,439
2214,188
2215,1
2216,1
2217,21
2218,114
2219,222
2220,354
2221,1
2222,235
2223,208
2224,1
2225,293
2226,62
2227,248
2228,26
2229,295
2230,199
2231,1
2232,233
2233,1
2234,9
2235,16
2236,314
2237,378
2238,345
2239,235
2240,221
2241,450
2242,370
2243,322
2244,419
2245,38
2246,334
2247,352
2248,301
2249,466
2250,1
2251,552
2252,148
2253,227
2254,164
2255,109
2256,350
2257,545
2258,1
2259,309
2260,358
2261,278
2262,221
2263,201
2264,282
2265,395
2266,1
2267,436
2268,222
2269,311
2270,139
2271,165
2272,83
2273,63
2274,397
2275,153
2276,265
2277,358
2278,245
2279,90
2280,236
2281,3
2282,140
2283,186
2284,13
2285,120
2286,181
2287,129
2288,196
2289,230
2290,52
2291,244
2292,26
2293,1
2294,305
2295,1
2296,49
2297,107
2298,1
2299,415
2300,133
2301,297
2302,278
2303,435
2304,200
2305,441
2306,313
2307,159
2308,100
2309,19
2310,120
2311,1
2312,107
2313,200
2314,174
2315,1
2316,239
2317,282
2318,1
2319,89
2320,412
2321,41
2322,1
2323,235
2324,196
2325,47
2326,310
2327,1
2328,127
2329,1
2330,254
2331,417
2332,184
2333,71
2334,196
2335,11
2336,60
2337,1
2338,483
2339,387
2340,1
2341,370
2342,378
2343,319
2344,219
2345,1
2346,180
2347,242
2348,177
2349,161
2350,279
2351,201
2352,224
2353,174
2354,24
2355,1
2356,445
2357,19
2358,10
2359,184
2360,1
2361,383
2362,242
2363,532
2364,562
2365,391
2366,1
2367,135
2368,25
2369,92
2370,343
2371,294
2372,384
2373,277
2374,1
2375,217
2376,69
2377,246
2378,115
2379,320
2380,204
2381,1
2382,1
2383,364
2384,277
2385,235
2386,174
2387,285
2388,313
2389,279
2390,161
2391,287
2392,1
2393,52
2394,78
2395,337
2396,193
2397,132
2398,397
2399,238
2400,1
2401,1
2402,1
2403,213
2404,118
2405,49
2406,388
2407,104
2408,309
2409,259
2410,160
2411,438
2412,227
2413,315
2414,321
2415,1
2416,1
2417,503
2418,247
2419,211
2420,458
2421,252
2422,271
2423,247
2424,353
2425,304
2426,83
2427,188
2428,25
2429,45
2430,211
2431,570
2432,223
2433,141
2434,314
2435,280
2436,287
2437,118
2438,121
2439,113
2440,152
2441,522
2442,29
2443,154
2444,441
2445,407
2446,1
2447,150
2448,264
2449,179
2450,72
2451,119
2452,401
2453,250
2454,1
2455,244
2456,306
2457,151
2458,115
2459,526
2460,216
2461,445
2462,110
2463,493
2464,393
2465,1
2466,119
2467,232
2468,211
2469,349
2470,141
2471,201
2472,256
2473,48
2474,87
2475,41
2476,205
2477,165
2478,215
2479,120
2480,1
2481,143
2482,577
2483,1
2484,388
2485,287
2486,213
2487,191
2488,274
2489,11
2490,144
2491,336
2492,411
2493,1
2494,196
2495,465
2496,134
2497,180
2498,234
2499,250
2500,210
2501,56
2502,310
2503,369
2504,376
2505,263
2506,157
2507,86
2508,308
2509,84
2510,189
2511,1
2512,139
2513,141
2514,243
2515,205
2516,86
2517,159
2518,476
2519,99
2520,163
2521,173
2522,262
2523,1
2524,114
2525,185
2526,99
2527,105
2528,403
2529,1
2530,324
2531,24
2532,224
2533,341
2534,1
2535,508
2536,157
2537,393
2538,341
2539,245
2540,1
2541,105
2542,1
2543,69
2544,210
2545,287
2546,533
2547,211
2548,278
2549,76
2550,427
2551,160
2552,264
2553,171
2554,408
2555,243
2556,249
2557,1
2558,204
2559,228
2560,40
2561,207
2562,338
2563,532
2564,168
2565,11
2566,190
2567,99
2568,41
2569,53
2570,1
2571,329
2572,1
2573,116
2574,344
2575,325
2576,82
2577,351
2578,145
2579,84
2580,21
2581,429
2582,423
2583,365
2584,285
2585,149
2586,159
2587,291
2588,375
2589,327
2590,119
2591,116
2592,154
2593,240
2594,536
2595,310
2596,33
2597,292
2598,279
2599,337
2600,581
2601,394
2602,82
2603,116
2604,16
2605,254
2606,61
2607,1
2608,357
2609,22
2610,310
2611,336
2612,1
2613,375
2614,149
2615,241
2616,121
2617,557
2618,1
2619,174
2620,1
2621,265
2622,39
2623,93
2624,9
2625,91
2626,84
2627,267
2628,264
2629,270
2630,62
2631,20
2632,274
2633,118
2634,356
2635,107
2636,156
2637,251
2638,138
2639,365
2640,297
2641,128
2642,424
2643,317
2644,26
2645,459
2646,1
2647,74
2648,495
2649,238
2650,24
2651,1
2652,237
2653,16
2654,215
2655,174
2656,87
2657,1
2658,63
2659,118
2660,513
2661,122
2662,83
2663,1
2664,350
2665,23
2666,548
2667,363
2668,1
2669,225
2670,378
2671,125
2672,223
2673,257
2674,22
2675,354
2676,350
2677,63
2678,104
2679,1
2680,257
2681,272
2682,346
2683,605
2684,232
2685,358
2686,1
2687,169
2688,418
2689,7
2690,1
2691,488
2692,1
2693,59
2694,137
2695,441
2696,447
2697,229
2698,101
2699,220
2700,184
2701,82
2702,23
2703,140
2704,74
2705,456
2706,267
2707,379
2708,70
2709,13
2710,1
2711,453
2712,150
2713,36
2714,325
2715,279
2716,314
2717,147
2718,118
2719,309
2720,1
2721,18
2722,551
2723,324
2724,386
2725,73
2726,169
2727,319
2728,300
2729,250
2730,347
2731,60
2732,38
2733,1
2734,55
2735,95
2736,168
2737,360
2738,31
2739,1
2740,19
2741,41
2742,319
2743,135
2744,281
2745,37
2746,434
2747,187
2748,370
2749,191
2750,120
2751,50
2752,157
2753,124
2754,250
2755,483
2756,373
2757,150
2758,150
2759,150
2760,34
2761,314
2762,323
2763,90
2764,1
2765,252
2766,138
2767,117
2768,293
2769,281
2770,445
2771,1
2772,148
2773,76
2774,186
2775,1
2776,244
2777,420
2778,356
2779,559
2780,192
2781,230
2782,112
2783,223
2784,95
2785,243
2786,241
2787,452
2788,216
2789,289
2790,472
2791,28
2792,166
2793,109
2794,1
2795,356
2796,265
2797,215
2798,111
2799,311
2800,299
2801,32
2802,249
2803,338
2804,405
2805,321
2806,84
2807,391
2808,241
2809,1
2810,1
2811,61
2812,165
2813,1
2814,1
2815,348
2816,1
2817,123
2818,117
2819,313
2820,561
2821,285
2822,401
2823,42
2824,358
2825,201
2826,218
2827,1
2828,128
2829,170
2830,515
2831,303
2832,346
2833,50
2834,8
2835,362
2836,142
2837,147
2838,316
2839,1
2840,299
2841,253
2842,1
2843,285
2844,43
2845,1
2846,227
2847,107
2848,350
2849,193
2850,155
2851,145
2852,85
2853,0
2854,132
2855,274
2856,128
2857,189
2858,1
2859,20
2860,324
2861,1
2862,184
2863,1
2864,22
2865,206
2866,203
2867,89
2868,401
2869,251
2870,248
2871,180
2872,252
2873,204
2874,562
2875,115
2876,65
2877,142
2878,309
2879,150
2880,1
2881,238
2882,76
2883,91
2884,174
2885,310
2886,1
2887,265
2888,460
2889,1
2890,1
2891,274
2892,204
2893,179
2894,102
2895,327
2896,389
2897,158
2898,274
2899,318
2900,380
2901,292
2902,529
2903,86
2904,340
2905,70
2906,141
2907,88
2908,79
2909,1
2910,119
2911,240
2912,41
2913,1
2914,287
2915,93
2916,253
2917,46
2918,67
2919,105
2920,371
2921,29
2922,1
2923,209
2924,122
2925,75
2926,134
2927,260
2928,277
2929,145
2930,155
2931,90
2932,395
2933,41
2934,47
2935,205
2936,102
2937,545
2938,376
2939,196
2940,159
2941,135
2942,220
2943,144
2944,317
2945,209
2946,168
2947,153
2948,386
2949,233
2950,1
2951,97
2952,15
2953,155
2954,67
2955,1
2956,466
2957,1
2958,12
2959,297
2960,167
2961,155
2962,65
2963,1
2964,130
2965,289
2966,350
2967,405
2968,121
2969,59
2970,156
2971,60
2972,166
2973,81
2974,70
2975,467
2976,192
2977,495
2978,107
2979,164
2980,245
2981,335
2982,349
2983,550
2984,314
2985,336
2986,1
2987,299
2988,1
2989,323
2990,101
2991,1
2992,285
2993,1
2994,264
2995,434
2996,1
2997,269
2998,267
2999,129
3000,1
3001,219
3002,19
3003,166
3004,119
3005,131
3006,286
3007,1
3008,205
3009,332
3010,330
3011,116
3012,23
3013,1
3014,156
3015,1
3016,74
3017,166
3018,1
3019,170
3020,317
3021,45
3022,185
3023,122
3024,499
3025,220
3026,194
3027,148
3028,312
3029,37
3030,273
3031,160
3032,109
3033,116
3034,384
3035,447
3036,180
3037,91
3038,41
3039,223
3040,100
3041,279
3042,11
3043,18
3044,230
3045,172
3046,192
3047,282
3048,137
3049,25
3050,158
3051,333
3052,88
3053,103
3054,266
3055,279
3056,392
3057,230
3058,266
3059,229
3060,55
3061,333
3062,169
3063,1
3064,78
3065,56
3066,1
3067,64
3068,140
3069,269
3070,268
3071,26
3072,190
3073,66
3074,210
3075,165
3076,117
3077,5
3078,187
3079,159
3080,148
3081,293
3082,171
3083,280
3084,366
3085,373
3086,329
3087,295
3088,168
3089,72
3090,25
3091,412
3092,1
3093,130
3094,157
3095,133
3096,38
3097,324
3098,108
3099,89
3100,373
3101,98
3102,553
3103,481
3104,364
3105,260
3106,176
3107,1
3108,1
3109,27
3110,358
3111,141
3112,282
3113,80
3114,28
3115,346
3116,138
3117,313
3118,101
3119,367
3120,53
3121,184
3122,290
3123,263
3124,354
3125,237
3126,1
3127,127
3128,232
3129,461
3130,224
3131,259
3132,205
3133,288
3134,198
3135,1
3136,281
3137,351
3138,30
3139,118
3140,288
3141,385
3142,172
3143,187
3144,296
3145,168
3146,1
3147,41
3148,306
3149,250
3150,131
3151,261
3152,18
3153,347
3154,254
3155,1
3156,177
3157,159
3158,1
3159,288
3160,159
3161,158
3162,396
3163,87
3164,322
3165,96
3166,30
3167,386
3168,188
3169,32
3170,231
3171,422
3172,1
3173,109
3174,121
3175,136
3176,119
3177,174
3178,62
3179,227
3180,287
3181,82
3182,1
3183,271
3184,220
3185,107
3186,63
3187,15
3188,268
3189,276
3190,150
3191,305
3192,372
3193,20
3194,38
3195,270
3196,21
3197,129
3198,1
3199,197
3200,155
3201,41
3202,253
3203,51
3204,258
3205,1
3206,238
3207,3
3208,260
3209,87
3210,545
3211,200
3212,293
3213,1
3214,215
3215,237
3216,281
3217,273
3218,83
3219,1
3220,165
3221,103
3222,244
3223,352
3224,245
3225,46
3226,194
3227,1
3228,228
3229,229
3230,126
3231,235
3232,406
3233,529
3234,146
3235,332
3236,239
3237,13
3238,14
3239,42
3240,65
3241,215
3242,106
3243,50
3244,98
3245,32
3246,171
3247,49
3248,215
3249,30
3250,298
3251,122
3252,68
3253,115
3254,295
3255,1
3256,229
3257,383
3258,115
3259,197
3260,416
3261,201
3262,24
3263,1
3264,1
3265,461
3266,182
3267,360
3268,229
3269,38
3270,152
3271,95
3272,312
3273,531
3274,483
3275,152
3276,283
3277,113
3278,1
3279,331
3280,348
3281,43
3282,356
3283,194
3284,1
3285,309
3286,1
3287,94
3288,380
3289,184
3290,266
3291,215
3292,160
3293,452
3294,237
3295,326
3296,174
3297,137
3298,161
3299,326
3300,180
3301,1
3302,493
3303,38
3304,1
3305,53
3306,56
3307,289
3308,106
3309,219
3310,129
3311,173
3312,91
3313,98
3314,176
3315,348
3316,6
3317,252
3318,243
3319,289
3320,223
3321,243
3322,436
3323,28
3324,15
3325,85
3326,204
3327,215
3328,1
3329,270
3330,127
3331,290
3332,80
3333,217
3334,1
3335,48
3336,194
3337,473
3338,174
3339,1
3340,57
3341,241
3342,295
3343,89
3344,193
3345,205
3346,381
3347,61
3348,218
3349,114
3350,311
3351,210
3352,278
3353,72
3354,345
3355,1
3356,1
3357,205
3358,117
3359,1
3360,1
3361,208
3362,183
3363,442
3364,257
3365,253
3366,96
3367,382
3368,216
3369,27
3370,131
3371,34
3372,89
3373,348
3374,1
3375,1
3376,140
3377,159
3378,70
3379,112
3380,163
3381,229
3382,181
3383,1
3384,505
3385,413
3386,267
3387,220
3388,369
3389,121
3390,351
3391,182
3392,226
3393,172
3394,1
3395,204
3396,52
3397,241
3398,252
3399,74
3400,96
3401,235
3402,99
3403,223
3404,126
3405,343
3406,37
3407,70
3408,125
3409,332
3410,301
3411,371
3412,302
3413,433
3414,146
3415,66
3416,251
3417,106
3418,227
3419,238
3420,314
3421,237
3422,159
3423,557
3424,250
3425,79
3426,64
3427,127
3428,91
3429,351
3430,213
3431,34
3432,89
3433,1
3434,298
3435,1
3436,321
3437,318
3438,48
3439,97
3440,275
3441,416
3442,88
3443,37
3444,204
3445,193
3446,553
3447,118
3448,335
3449,234
3450,487
3451,264
3452,134
3453,1
3454,288
3455,162
3456,246
3457,61
3458,65
3459,129
3460,124
3461,351
3462,67
3463,227
3464,366
3465,128
3466,176
3467,68
3468,294
3469,68
3470,116
3471,179
3472,39
3473,37
3474,98
3475,168
3476,42
3477,209
3478,1
3479,254
3480,236
3481,18
3482,355
3483,181
3484,448
3485,1
3486,21
3487,186
3488,414
3489,132
3490,248
3491,147
3492,140
3493,277
3494,414
3495,1
3496,1
3497,411
3498,64
3499,178
3500,171
3501,126
3502,414
3503,49
3504,108
3505,93
3506,350
3507,85
3508,85
3509,160
3510,259
3511,374
3512,431
3513,124
